City_ID,City,Country,Lat,Lng,Max Temp,Humidity,Cloudiness,Wind Speed,Current Description
0,Geraldton,AU,-28.7667,114.6,54.01,54,49,12.66,scattered clouds
1,Mataura,NZ,-46.1927,168.8643,46.06,93,89,8.52,light rain
2,Mercedes,AR,-34.6515,-59.4307,59.04,63,48,4.38,scattered clouds
3,Hithadhoo,MV,-0.6,73.0833,81.73,75,99,13.47,overcast clouds
4,Hermanus,ZA,-34.4187,19.2345,55.8,53,1,8.9,clear sky
5,Esperance,AU,-33.8667,121.9,50.5,73,47,6.13,scattered clouds
6,Puerto Escondido,MX,15.85,-97.0667,84.58,72,46,5.37,scattered clouds
7,Ushuaia,AR,-54.8,-68.3,40.66,81,20,4.61,few clouds
8,Port Blair,IN,11.6667,92.75,80.89,83,98,7.2,light rain
9,Praia Da Vitoria,PT,38.7333,-27.0667,73.65,88,40,3.85,scattered clouds
10,Tasiilaq,GL,65.6145,-37.6368,39.36,72,61,7.38,broken clouds
11,Rikitea,PF,-23.1203,-134.9692,71.13,66,60,14.18,broken clouds
12,Guerrero Negro,MX,27.9769,-114.0611,77.58,68,11,13.69,few clouds
13,Cherskiy,RU,68.75,161.3,64.94,53,42,12.62,scattered clouds
14,Sarh,TD,9.1429,18.3923,76.91,100,0,0.0,clear sky
15,San Joaquin,US,37.9333,-121.3011,100.47,30,0,8.05,clear sky
16,Port Lincoln,AU,-34.7333,135.8667,55.27,62,94,13.29,overcast clouds
17,Anadyr,RU,64.75,177.4833,55.9,66,0,6.71,clear sky
18,Palmer,US,42.1584,-72.3287,71.62,86,75,0.0,broken clouds
19,Maldonado,UY,-34.6667,-54.9167,55.22,82,36,7.05,scattered clouds
20,Cape Town,ZA,-33.9258,18.4232,63.37,60,0,10.36,clear sky
21,Gravdal,NO,68.1214,13.5031,50.88,67,99,1.83,overcast clouds
22,Butaritari,KI,3.0707,172.7902,81.99,68,48,17.74,scattered clouds
23,Bambanglipuro,ID,-7.95,110.2833,75.6,80,75,9.62,broken clouds
24,Kintampo,GH,8.0563,-1.7306,69.55,96,100,7.02,overcast clouds
25,Walvis Bay,NA,-22.9575,14.5053,53.1,93,10,4.61,clear sky
26,Leningradskiy,RU,69.3833,178.4167,43.9,76,63,12.93,broken clouds
27,Kieta,PG,-6.2167,155.6333,84.94,67,70,4.27,light rain
28,Albany,US,42.6001,-73.9662,71.17,93,39,3.62,scattered clouds
29,Homer,US,59.6425,-151.5483,64.29,58,0,10.36,clear sky
30,Busselton,AU,-33.65,115.3333,49.26,75,99,11.72,overcast clouds
31,Patitirion,GR,39.15,23.8667,70.38,72,91,4.99,overcast clouds
32,San Patricio,US,28.017,-97.5169,90.54,53,89,14.83,overcast clouds
33,Half Moon Bay,US,37.4636,-122.4286,94.87,79,100,26.46,overcast clouds
34,Port Alfred,ZA,-33.5906,26.891,66.83,50,0,11.7,clear sky
35,Longyearbyen,SJ,78.2186,15.6401,35.44,87,20,2.3,few clouds
36,San Luis,AR,-33.295,-66.3356,58.8,28,22,5.68,few clouds
37,Boda,CF,4.3189,17.4695,68.14,99,99,3.69,light rain
38,Umm Lajj,SA,25.0213,37.2685,86.65,50,5,8.52,clear sky
39,Shenjiamen,CN,29.9576,122.298,81.79,88,99,5.68,overcast clouds
40,Bluff,NZ,-46.6,168.3333,47.5,73,84,28.45,broken clouds
41,Castro,BR,-24.7911,-50.0119,51.62,93,21,4.99,few clouds
42,Sola,VU,-13.8833,167.55,80.08,78,39,19.39,scattered clouds
43,Jamestown,US,42.097,-79.2353,73.04,54,0,10.36,clear sky
44,Katsuura,JP,35.1333,140.3,84.22,82,44,5.06,scattered clouds
45,East London,ZA,-33.0153,27.9116,64.56,54,1,11.3,clear sky
46,Imeni Poliny Osipenko,RU,52.4201,136.4853,62.11,57,99,7.14,overcast clouds
47,Faanui,PF,-16.4833,-151.75,77.0,76,22,15.41,light rain
48,Aklavik,CA,68.2191,-135.0107,59.92,58,100,12.39,overcast clouds
49,Puerto Ayora,EC,-0.7393,-90.3518,67.55,92,71,8.01,broken clouds
50,Khatanga,RU,71.9667,102.5,40.42,79,95,7.31,overcast clouds
51,Bogorodskoye,RU,56.55,37.8833,64.76,60,82,6.11,broken clouds
52,Sioux Lookout,CA,50.1001,-91.917,69.87,52,75,2.3,broken clouds
53,Roald,NO,62.5833,6.1333,61.32,88,34,5.75,scattered clouds
54,Caravelas,BR,-17.7125,-39.2481,68.52,82,4,4.92,clear sky
55,Sur,OM,22.5667,59.5289,88.36,61,96,2.13,overcast clouds
56,Pokhara,NP,28.2333,83.9833,73.06,85,100,2.68,light rain
57,Tinskoy,RU,56.1525,96.9161,49.75,78,100,9.28,overcast clouds
58,Kumano,JP,34.3442,132.5894,79.97,83,96,4.07,light rain
59,Santarem,BR,-2.4431,-54.7083,75.33,94,40,3.44,scattered clouds
60,Ketchikan,US,55.3422,-131.6461,72.07,56,0,6.91,clear sky
61,Tuktoyaktuk,CA,69.4541,-133.0374,53.6,71,100,13.8,overcast clouds
62,Vaini,TO,-21.2,-175.2,78.96,83,20,6.91,few clouds
63,Cidreira,BR,-30.1811,-50.2056,61.21,90,72,17.27,broken clouds
64,Nicoya,CR,10.1483,-85.452,74.23,95,97,1.34,overcast clouds
65,Souillac,MU,-20.5167,57.5167,71.98,68,75,14.97,light rain
66,Hilo,US,19.7297,-155.09,87.28,95,100,5.75,light rain
67,Dharapuram,IN,10.7333,77.5167,73.6,85,100,13.73,overcast clouds
68,Chuy,UY,-33.6971,-53.4616,54.36,94,72,5.37,broken clouds
69,Xichang,CN,27.8964,102.2634,69.57,91,29,1.61,scattered clouds
70,Kapaa,US,22.0752,-159.319,85.98,72,75,12.66,broken clouds
71,Airai,TL,-8.9266,125.4092,67.08,43,2,4.61,clear sky
72,Punta Arenas,CL,-53.15,-70.9167,44.71,65,75,25.32,broken clouds
73,Hokitika,NZ,-42.7167,170.9667,49.41,94,100,11.61,overcast clouds
74,Meulaboh,ID,4.1363,96.1285,76.01,85,97,4.92,overcast clouds
75,Newport,GB,51.5877,-2.9984,67.68,82,87,4.41,overcast clouds
76,Thompson,CA,55.7435,-97.8558,60.96,36,20,9.22,few clouds
77,Narasannapeta,IN,18.4167,84.05,77.67,90,100,8.1,overcast clouds
78,Salalah,OM,17.0151,54.0924,75.29,100,100,3.44,overcast clouds
79,Pisco,PE,-13.7,-76.2167,62.65,77,0,6.91,clear sky
80,Arraial Do Cabo,BR,-22.9661,-42.0278,66.16,94,75,6.91,mist
81,Upernavik,GL,72.7868,-56.1549,42.48,95,100,5.41,moderate rain
82,Ponta Do Sol,PT,32.6667,-17.1,72.23,70,1,4.38,clear sky
83,Vila Franca Do Campo,PT,37.7167,-25.4333,73.2,76,99,0.92,overcast clouds
84,Kupang,ID,-10.1667,123.5833,79.59,61,2,12.1,clear sky
85,Casas Grandes,MX,30.3667,-107.95,72.45,67,91,3.2,light rain
86,Saint-Junien,FR,45.8833,0.9,70.38,80,69,2.28,broken clouds
87,Georgetown,MY,5.4112,100.3354,76.89,93,20,2.3,few clouds
88,Kashima,JP,33.1061,130.0906,83.8,66,71,2.57,light rain
89,Axim,GH,4.8699,-2.2405,74.14,91,90,8.75,light rain
90,Avarua,CK,-21.2078,-159.775,77.05,69,40,21.85,scattered clouds
91,Beringovskiy,RU,63.05,179.3167,51.51,86,100,3.74,overcast clouds
92,Lebu,CL,-37.6167,-73.65,50.09,93,100,9.69,light rain
93,Jining,CN,35.405,116.5814,69.39,66,55,3.6,broken clouds
94,Sibolga,ID,1.7427,98.7792,75.34,87,89,3.42,overcast clouds
95,Umtata,ZA,-31.5889,28.7844,55.27,44,1,5.14,clear sky
96,Qaanaaq,GL,77.484,-69.3632,33.24,61,0,5.32,clear sky
97,Buraydah,SA,26.326,43.975,88.25,18,2,9.71,clear sky
98,Tiruchchendur,IN,8.4833,78.1167,80.49,73,100,9.31,light rain
99,Teya,RU,60.3778,92.6267,49.77,99,100,2.89,overcast clouds
100,Atuona,PF,-9.8,-139.0333,76.84,65,24,9.64,few clouds
101,Turukhansk,RU,65.8167,87.9833,54.7,92,72,6.2,broken clouds
102,Berlevag,NO,70.8578,29.0864,49.95,76,100,29.93,overcast clouds
103,Magnolia,US,33.2671,-93.2393,74.89,100,99,7.34,overcast clouds
104,Atambua,ID,-9.1061,124.8925,76.98,51,5,3.47,clear sky
105,New Norfolk,AU,-42.7826,147.0587,49.91,86,100,7.0,overcast clouds
106,Tooele,US,40.5308,-112.2983,94.3,25,0,9.22,clear sky
107,Lavrentiya,RU,65.5833,-171.0,44.53,74,29,5.19,scattered clouds
108,Thunder Bay,CA,48.4001,-89.3168,75.18,73,75,4.61,broken clouds
109,Barrow,US,71.2906,-156.7887,39.22,100,100,11.5,mist
110,Macklin,CA,52.3334,-109.9348,79.14,27,72,7.49,broken clouds
111,Taltal,CL,-25.4,-70.4833,60.31,69,18,5.64,few clouds
112,Nikolskoye,RU,59.7035,30.7861,66.79,67,67,4.05,broken clouds
113,Saquarema,BR,-22.92,-42.5103,66.34,89,47,13.69,scattered clouds
114,Saldanha,ZA,-33.0117,17.9442,59.05,86,21,16.26,few clouds
115,Hobart,AU,-42.8794,147.3294,50.25,77,75,10.36,broken clouds
116,Tombouctou,ML,20.0,-3.0,98.87,25,100,18.5,overcast clouds
117,Gaurnadi,BD,22.9667,90.2333,79.05,93,37,6.04,scattered clouds
118,Lasa,IT,46.6166,10.7002,55.69,71,4,4.5,clear sky
119,Kruisfontein,ZA,-34.0033,24.7314,63.57,34,0,11.27,clear sky
120,Victoria,HK,22.2855,114.1577,89.26,81,92,1.99,overcast clouds
121,Mount Isa,AU,-20.7333,139.5,55.17,28,0,19.57,clear sky
122,Bolama,GW,11.5833,-15.4667,79.14,83,100,7.99,light rain
123,Hualmay,PE,-11.0964,-77.6139,62.13,81,31,10.16,scattered clouds
124,Kholtoson,RU,50.2981,103.3097,40.55,92,65,1.21,broken clouds
125,Bingol,TR,38.8847,40.4939,73.65,32,18,5.66,few clouds
126,Sao Felix Do Xingu,BR,-6.6447,-51.995,82.04,40,92,1.74,overcast clouds
127,Shingu,JP,33.7333,135.9833,87.39,64,21,2.77,few clouds
128,Port Hardy,CA,50.6996,-127.4199,64.58,77,20,10.36,few clouds
129,Kodiak,US,57.79,-152.4072,56.71,88,100,12.66,overcast clouds
130,Pangnirtung,CA,66.1451,-65.7125,40.86,98,99,7.83,light rain
131,Sarichioi,RO,44.95,28.85,73.62,68,54,9.22,broken clouds
132,Mildura,AU,-34.2,142.15,53.47,61,77,14.05,broken clouds
133,Biak,ID,-0.9131,122.8766,78.04,76,99,6.2,overcast clouds
134,Kaitangata,NZ,-46.2817,169.8464,49.42,77,77,11.63,broken clouds
135,Ystad,SE,55.4297,13.8204,52.54,75,22,9.24,few clouds
136,Madang,PG,-5.2246,145.7966,81.39,78,83,0.56,broken clouds
137,Celina,US,40.5489,-84.5702,75.51,73,19,3.33,few clouds
138,Bongor,TD,10.2806,15.3722,73.53,92,86,5.14,light rain
139,Kuusamo,FI,65.9667,29.1833,48.24,93,0,2.3,clear sky
140,Undory,RU,54.6085,48.3928,58.24,65,6,4.16,clear sky
141,Hervey Bay,AU,-25.2986,152.8535,59.02,48,5,8.01,clear sky
142,Ancud,CL,-41.8697,-73.8203,40.23,72,51,2.93,broken clouds
143,Mayor Pablo Lagerenza,PY,-19.9309,-60.7718,81.64,29,99,4.56,overcast clouds
144,Okhotsk,RU,59.3833,143.3,60.76,74,100,14.03,overcast clouds
145,Yellowknife,CA,62.456,-114.3525,59.56,47,75,12.66,broken clouds
146,Hunchun,CN,42.8675,130.3581,67.48,64,72,4.16,broken clouds
147,Dikson,RU,73.5069,80.5464,42.01,100,100,13.82,overcast clouds
148,Henties Bay,NA,-22.116,14.2845,54.57,86,34,1.28,scattered clouds
149,Huilong,CN,31.8111,121.655,82.92,72,97,11.07,overcast clouds
150,Elizabeth City,US,36.2946,-76.2511,81.0,84,0,4.61,clear sky
151,Mehamn,NO,71.0357,27.8492,49.91,81,100,26.46,light intensity drizzle
152,Ewa Beach,US,21.3156,-158.0072,86.4,70,100,10.36,overcast clouds
153,Pevek,RU,69.7008,170.3133,43.68,85,100,1.99,overcast clouds
154,Urumqi,CN,43.801,87.6005,54.55,62,0,2.24,clear sky
155,Santa Maria,BR,-29.6842,-53.8069,56.5,100,86,3.44,overcast clouds
156,Sesheke,ZM,-17.4759,24.2968,59.97,48,14,4.81,few clouds
157,Quatre Cocos,MU,-20.2078,57.7625,71.71,66,65,18.68,broken clouds
158,Cabo San Lucas,MX,22.8909,-109.9124,93.61,68,48,12.48,scattered clouds
159,Broken Hill,AU,-31.95,141.4333,50.0,58,4,13.13,clear sky
160,Dharchula,IN,29.85,80.5333,72.68,89,100,3.29,overcast clouds
161,San Quintin,MX,30.4833,-115.95,73.17,75,1,6.96,clear sky
162,Norman Wells,CA,65.282,-126.8329,69.84,56,20,8.05,smoke
163,Lubao,PH,14.9167,120.55,80.67,89,100,5.55,overcast clouds
164,Guaruja,BR,-23.9931,-46.2564,67.84,82,43,5.99,scattered clouds
165,Saint-Philippe,RE,-21.3585,55.7679,65.79,74,47,13.11,scattered clouds
166,Khandbari,NP,27.3747,87.2039,73.13,87,96,1.32,overcast clouds
167,Mahebourg,MU,-20.4081,57.7,71.89,68,75,14.97,broken clouds
168,Southampton,GB,50.904,-1.4043,68.0,93,74,1.99,broken clouds
169,Mar Del Plata,AR,-38.0023,-57.5575,53.1,90,0,7.0,clear sky
170,Coquimbo,CL,-29.9533,-71.3436,55.13,87,75,6.91,broken clouds
171,Kaeo,NZ,-35.1,173.7833,59.32,81,87,8.14,overcast clouds
172,Pasni,PK,25.2631,63.471,80.22,87,100,12.28,overcast clouds
173,Zhanakorgan,KZ,43.9098,67.2495,67.26,24,0,11.7,clear sky
174,Beloha,MG,-25.1667,45.05,65.14,86,3,10.76,clear sky
175,Saint-Pierre,RE,-21.3393,55.4781,73.56,63,20,8.05,few clouds
176,Baltasi,RU,56.3462,50.2062,64.13,70,1,0.22,clear sky
177,Klyuchi,RU,52.2667,79.1667,49.46,65,8,7.36,clear sky
178,Talnakh,RU,69.4865,88.3972,56.21,95,96,6.38,overcast clouds
179,Abha,SA,18.2164,42.5053,71.85,16,0,0.0,clear sky
180,Okha,RU,53.5739,142.9478,54.12,93,100,25.84,light rain
181,Ende,ID,-8.8432,121.6623,79.27,64,44,2.19,scattered clouds
182,Save,BJ,8.0425,2.486,69.82,98,92,4.68,overcast clouds
183,Xai-Xai,MZ,-25.0519,33.6442,63.55,81,1,4.9,clear sky
184,Yining,CN,29.0361,114.5636,80.96,88,98,4.81,overcast clouds
185,Sarmanovo,RU,55.2553,52.5891,68.68,67,22,2.93,few clouds
186,Ust-Kulom,RU,61.6864,53.6902,61.29,86,38,4.85,scattered clouds
187,Komsomolskiy,UZ,40.4272,71.7189,66.92,42,2,4.61,clear sky
188,Carroll,US,39.5501,-77.0164,81.5,66,34,1.01,scattered clouds
189,Bredasdorp,ZA,-34.5322,20.0403,58.75,48,0,8.3,clear sky
190,Mayumba,GA,-3.432,10.6554,70.59,89,12,5.06,few clouds
191,Chicama,PE,-7.8447,-79.1469,57.74,81,40,7.05,scattered clouds
192,Grand-Lahou,CI,5.1367,-5.0242,74.03,91,83,9.71,light rain
193,Adrar,MR,20.5022,-10.0711,100.09,13,66,5.95,broken clouds
194,Muli,MV,2.9167,73.5667,82.15,74,90,9.33,overcast clouds
195,Margate,GB,51.3813,1.3862,66.9,95,65,1.01,broken clouds
196,Kahului,US,20.8947,-156.47,89.62,51,40,18.41,scattered clouds
197,Vao,NC,-22.6667,167.4833,73.17,70,0,12.12,clear sky
198,Klaksvik,FO,62.2266,-6.589,52.72,99,92,11.34,overcast clouds
199,Bambous Virieux,MU,-20.3428,57.7575,71.85,68,75,14.97,light rain
200,Qasigiannguit,GL,68.8193,-51.1922,41.25,96,100,5.93,light rain
201,Saint-Joseph,RE,-21.3667,55.6167,72.46,74,23,13.82,few clouds
202,Arman,RU,59.7,150.1667,55.02,89,100,14.67,moderate rain
203,Stornoway,GB,58.2093,-6.3865,48.92,92,21,0.0,few clouds
204,Ribeira Grande,PT,38.5167,-28.7,72.9,82,100,9.42,moderate rain
205,Necochea,AR,-38.5473,-58.7368,51.31,69,46,9.93,scattered clouds
206,Tevriz,RU,57.509,72.4042,53.78,97,16,3.24,few clouds
207,Mondeville,FR,49.175,-0.3224,67.15,100,47,3.44,scattered clouds
208,Birao,CF,10.2849,22.7882,69.33,98,100,3.49,moderate rain
209,Hofn,IS,64.2539,-15.2082,49.21,77,100,21.88,light rain
210,Waingapu,ID,-9.6567,120.2641,78.6,65,55,13.11,broken clouds
211,Baruun-Urt,MN,46.6806,113.2792,54.84,64,99,5.44,overcast clouds
212,Farakka,IN,24.8167,87.9,79.79,91,97,5.59,heavy intensity rain
213,Tiksi,RU,71.6872,128.8694,44.71,67,96,6.15,overcast clouds
214,Kenai,US,60.5544,-151.2583,59.09,86,100,10.36,light rain
215,Codrington,AU,-38.2667,141.9667,50.97,85,100,14.2,light rain
216,Alofi,NU,-19.0595,-169.9187,80.49,65,40,10.36,scattered clouds
217,Kavaratti,IN,10.5669,72.642,80.53,79,100,15.97,overcast clouds
218,Bethel,US,41.3712,-73.414,81.45,74,0,3.44,clear sky
219,Yar-Sale,RU,66.8333,70.8333,61.2,79,99,7.23,overcast clouds
220,La Ronge,CA,55.1001,-105.2842,68.25,56,40,6.91,smoke
221,Bacolod,PH,10.6667,122.95,81.79,78,100,5.37,overcast clouds
222,Tautira,PF,-17.7333,-149.15,75.24,82,62,16.82,light rain
223,Vanimo,PG,-2.6741,141.3028,82.58,74,60,6.46,broken clouds
224,Severo-Kurilsk,RU,50.6789,156.125,55.89,98,100,7.05,overcast clouds
225,Tabuk,PH,17.4189,121.4443,77.02,90,100,6.76,light rain
226,Ixtapa,MX,20.7,-105.2,79.3,93,86,2.01,overcast clouds
227,Havre-Saint-Pierre,CA,50.2334,-63.5986,66.56,100,75,3.44,broken clouds
228,Torbay,CA,47.6666,-52.7314,65.26,90,100,17.27,overcast clouds
229,Damietta,EG,31.4165,31.8133,78.69,72,0,9.55,clear sky
230,Auki,SB,-8.7676,160.7034,82.63,77,92,2.24,overcast clouds
231,Ucluelet,CA,48.9329,-125.5528,66.51,76,11,9.55,few clouds
232,Cacule,BR,-14.5033,-42.2222,68.59,59,7,9.62,clear sky
233,Ures,MX,29.4333,-110.4,91.33,50,38,8.59,scattered clouds
234,Yelizovo,RU,53.1873,158.3805,59.14,100,100,4.47,light intensity shower rain
235,Beidao,CN,34.5686,105.8933,70.32,92,100,2.73,overcast clouds
236,Vila Velha,BR,-20.3297,-40.2925,71.55,86,75,11.01,broken clouds
237,Cabedelo,BR,-6.9811,-34.8339,74.07,88,56,16.28,broken clouds
238,San Ignacio,BZ,17.1561,-89.0714,93.34,52,40,0.0,scattered clouds
239,Escarcega,MX,18.6089,-90.7454,85.75,59,91,5.7,overcast clouds
240,Takoradi,GH,4.8845,-1.7554,74.08,91,95,8.97,overcast clouds
241,Vardo,NO,70.3705,31.1107,49.98,71,75,18.41,broken clouds
242,Torres,BR,-29.3353,-49.7269,63.82,94,31,7.2,scattered clouds
243,Venado Tuerto,AR,-33.7456,-61.9688,57.76,49,16,3.76,few clouds
244,Sanquhar,GB,55.3653,-3.9216,59.56,99,44,4.97,scattered clouds
245,Jinka,ET,5.65,36.65,65.66,64,99,4.79,overcast clouds
246,Yumen,CN,40.2833,97.2,63.84,26,97,9.51,overcast clouds
247,Inverell,AU,-29.7833,151.1167,51.67,63,63,11.01,broken clouds
248,Washougal,US,45.5826,-122.3534,88.75,47,0,5.75,clear sky
249,Torbat-E Jam,IR,35.244,60.6225,64.18,17,0,17.18,clear sky
250,Coihaique,CL,-45.5752,-72.0662,42.75,52,75,8.05,broken clouds
251,Nara,JP,34.6851,135.8049,85.96,50,73,3.02,broken clouds
252,Sao Joao Da Barra,BR,-21.6403,-41.0511,68.22,87,10,6.55,clear sky
253,Onguday,RU,50.75,86.15,43.57,96,61,1.41,broken clouds
254,Khani,GE,41.9563,42.9566,76.57,53,8,6.69,clear sky
255,San Jose,US,37.3394,-121.895,95.58,45,20,12.66,smoke
256,Chernyshevsk,RU,52.5243,117.0174,55.13,69,54,4.34,broken clouds
257,Chokurdakh,RU,70.6333,147.9167,42.1,83,100,12.03,overcast clouds
258,Besikduzu,TR,41.052,39.2284,78.69,72,15,4.47,few clouds
259,Saint George,US,37.1041,-113.5841,104.63,16,0,11.01,clear sky
260,Taicheng,CN,38.731,113.228,56.05,95,100,2.53,overcast clouds
261,Gat,IL,31.61,34.7642,77.68,100,0,0.83,clear sky
262,Clyde River,CA,70.4692,-68.5914,35.83,100,100,26.46,light rain
263,Saint-Michel-Des-Saints,CA,46.6834,-73.9159,61.57,98,100,1.81,overcast clouds
264,Lorengau,PG,-2.0226,147.2712,84.81,63,61,7.38,broken clouds
265,Marsh Harbour,BS,26.5412,-77.0636,83.88,73,12,8.9,few clouds
266,Praia,CV,14.9215,-23.5087,81.14,78,40,6.91,scattered clouds
267,Seda,LV,57.65,25.75,61.05,71,15,4.38,few clouds
268,Hoquiam,US,46.9809,-123.8893,81.84,79,0,11.5,clear sky
269,Pacific Grove,US,36.6177,-121.9166,77.54,86,40,13.8,scattered clouds
270,Kronshagen,DE,54.3433,10.0994,66.22,72,20,2.3,few clouds
271,Tallahassee,US,30.4383,-84.2807,77.32,95,75,0.0,broken clouds
272,Moree,AU,-29.4667,149.85,50.76,57,2,16.53,clear sky
273,Port Elizabeth,ZA,-33.918,25.5701,52.09,93,0,3.44,clear sky
274,Los Llanos De Aridane,ES,28.6585,-17.9182,69.55,83,100,16.11,overcast clouds
275,Mikuni,JP,36.2171,136.1519,75.11,83,100,14.63,overcast clouds
276,Hammond,US,41.5834,-87.5,81.18,55,75,3.44,broken clouds
277,Mitsamiouli,KM,-11.3847,43.2844,75.15,75,66,4.56,broken clouds
278,Aykhal,RU,66.0,111.5,44.08,78,88,7.43,overcast clouds
279,Meadow Lake,US,34.8014,-106.5436,86.47,34,56,3.87,broken clouds
280,Saint-Augustin,CA,51.226,-58.6502,62.98,95,100,14.29,overcast clouds
281,Fort Nelson,CA,58.8053,-122.7002,85.59,39,40,4.61,scattered clouds
282,Muros,ES,42.7762,-9.0603,70.09,81,34,8.9,scattered clouds
283,Verkh-Usugli,RU,52.7,115.1667,50.02,79,81,3.98,broken clouds
284,Constitucion,CL,-35.3333,-72.4167,54.1,90,100,9.15,overcast clouds
285,Jibuti,DJ,11.5,42.5,78.84,64,99,9.8,moderate rain
286,Ponta Delgada,PT,37.7333,-25.6667,73.51,77,40,3.44,scattered clouds
287,Eureka,US,40.8021,-124.1637,64.36,89,55,1.99,broken clouds
288,Pavlohrad,UA,48.5167,35.8667,74.03,29,0,12.33,clear sky
289,Vestmannaeyjar,IS,63.4427,-20.2734,51.19,82,38,3.65,scattered clouds
290,Srandakan,ID,-7.9386,110.2506,75.72,80,72,9.4,broken clouds
291,Straumen,NO,63.8709,11.2999,51.8,78,15,3.78,few clouds
292,Husavik,IS,66.0449,-17.3389,46.56,86,66,4.88,broken clouds
293,Viedma,AR,-40.8135,-62.9967,52.12,61,100,4.63,light rain
294,Phangnga,TH,8.4509,98.5298,77.04,92,99,2.98,overcast clouds
295,Rehburg-Loccum,DE,52.4667,9.2,74.1,54,40,8.05,scattered clouds
296,Palauig,PH,15.435,119.9045,80.44,83,100,13.24,light rain
297,Wolgast,DE,54.05,13.7667,63.99,87,44,7.7,scattered clouds
298,Kudahuvadhoo,MV,2.6708,72.8944,82.06,74,99,9.55,overcast clouds
299,Coudekerque-Branche,FR,51.0229,2.3936,67.05,92,49,2.3,scattered clouds
300,Littlehampton,GB,50.8069,-0.5378,68.61,89,84,8.48,broken clouds
301,Tekeli,KZ,44.83,78.8239,54.32,30,1,6.98,clear sky
302,Carnarvon,AU,-24.8667,113.6333,65.25,27,36,17.52,scattered clouds
303,Filadelfia,US,39.9523,-75.1638,84.09,61,40,11.5,scattered clouds
304,Marawi,PH,7.9986,124.2928,74.71,81,98,1.03,overcast clouds
305,Dingle,PH,10.9995,122.6711,79.9,86,100,5.17,overcast clouds
306,Guiratinga,BR,-16.3494,-53.7583,74.52,28,53,4.99,broken clouds
307,Porbandar,IN,21.6422,69.6093,80.4,85,94,19.35,overcast clouds
308,De-Kastri,RU,51.4667,140.7833,59.61,67,100,23.4,light rain
309,Saint-Francois,FR,46.4154,3.9054,62.04,94,0,2.3,clear sky
310,Calabozo,VE,8.9242,-67.4293,73.17,94,44,3.33,scattered clouds
311,Banjar,ID,-8.19,114.9675,77.83,70,73,2.71,broken clouds
312,Dakoro,NE,14.5106,6.765,79.99,67,56,16.11,light rain
313,Tual,ID,-5.6667,132.75,79.84,82,99,22.73,overcast clouds
314,Isangel,VU,-19.55,169.2667,79.63,61,20,8.7,few clouds
315,Tumpat,MY,6.1978,102.171,77.02,94,20,3.44,few clouds
316,Zalantun,CN,48.0,122.7167,63.82,52,100,4.83,overcast clouds
317,El Rusio,HN,14.4667,-86.3667,75.96,71,19,2.19,few clouds
318,Nisia Floresta,BR,-6.0911,-35.2086,75.58,93,68,11.18,broken clouds
319,Sept-Iles,CA,50.2001,-66.3821,66.72,93,100,4.61,overcast clouds
320,Wamba,NG,8.9333,8.6,69.73,97,67,3.49,light rain
321,Thanatpin,MM,17.2119,96.3033,77.18,92,94,1.63,overcast clouds
322,Udachnyy,RU,66.4167,112.4,44.46,81,96,7.7,overcast clouds
323,Srednekolymsk,RU,67.45,153.6833,53.64,91,100,5.14,overcast clouds
324,Caconda,AO,-13.7333,15.0667,59.18,28,35,3.29,scattered clouds
325,Mocuba,MZ,-16.8392,36.9856,62.08,94,15,2.15,few clouds
326,Montepuez,MZ,-13.1256,38.9997,63.9,85,41,5.59,scattered clouds
327,Prince Rupert,CA,54.3161,-130.3201,67.69,86,0,12.66,clear sky
328,Gizo,SB,-8.103,156.8419,83.89,69,27,5.35,scattered clouds
329,Yarqa,JO,31.9785,35.6947,71.65,61,0,1.7,clear sky
330,Saskylakh,RU,71.9167,114.0833,39.45,85,91,12.12,overcast clouds
331,Roxana,CR,10.2753,-83.7513,78.03,96,100,4.32,overcast clouds
332,Santa Rosa,PH,14.3122,121.1114,79.11,97,100,4.36,light rain
333,Kamenka,RU,51.3223,42.7678,66.45,43,0,8.57,clear sky
334,Jawhar,SO,2.7809,45.5005,72.81,84,100,9.95,overcast clouds
335,Nuristan,AF,35.3,70.8333,45.52,88,99,3.87,overcast clouds
336,Mitchell,US,43.7094,-98.0298,93.18,44,0,10.36,clear sky
337,Karad,IN,17.2833,74.2,71.73,92,90,4.21,overcast clouds
338,Rehoboth,NA,-23.3167,17.0833,55.76,21,0,3.58,clear sky
339,Saint-Georges,GD,12.0564,-61.7485,80.28,83,20,2.3,few clouds
340,Carutapera,BR,-1.195,-46.02,77.31,83,95,6.98,overcast clouds
341,Provideniya,RU,64.3833,-173.3,46.51,100,100,11.18,light intensity drizzle
342,Tura,IN,25.5198,90.2201,74.26,96,96,4.34,overcast clouds
343,Fairbanks,US,64.8378,-147.7164,72.3,44,75,4.61,broken clouds
344,Hovd,MN,48.0056,91.6419,51.17,46,2,1.34,clear sky
345,Saint-Leu,RE,-21.15,55.2833,72.95,99,25,9.66,scattered clouds
346,Menongue,AO,-14.6585,17.691,56.62,39,37,5.66,scattered clouds
347,Abu Samrah,SY,35.3029,37.1841,72.61,76,0,9.33,clear sky
348,Hasaki,JP,35.7333,140.8333,88.29,85,52,6.08,broken clouds
349,Zhezkazgan,KZ,47.8043,67.7144,57.94,53,1,15.57,clear sky
350,Astana,KZ,51.1801,71.446,44.55,81,0,11.18,clear sky
351,Ylivieska,FI,64.0833,24.55,49.87,82,100,3.18,overcast clouds
352,Rio Tuba,PH,8.5061,117.4317,82.54,76,100,6.6,heavy intensity rain
353,Kirakira,SB,-10.4544,161.9205,81.82,79,70,12.1,broken clouds
354,Olafsvik,IS,64.8945,-23.7142,48.09,79,26,17.18,scattered clouds
355,Yerbogachen,RU,61.2767,108.0108,47.44,89,100,1.36,light rain
356,Jalu,LY,29.0331,21.5482,79.92,57,0,7.14,clear sky
357,Morondava,MG,-20.2833,44.2833,69.62,76,0,6.33,clear sky
358,Fort-Shevchenko,KZ,44.5086,50.263,77.04,39,0,20.89,clear sky
359,Donja Dubica,BA,45.075,18.4114,63.64,93,96,4.12,overcast clouds
360,Terekli-Mekteb,RU,44.1671,45.8698,72.12,52,98,18.03,overcast clouds
361,Serzhen-Yurt,RU,43.1227,45.9858,66.06,61,74,3.74,broken clouds
362,Bilibino,RU,68.0546,166.4372,58.33,66,100,2.64,overcast clouds
363,Tsuruoka,JP,38.7217,139.8217,71.64,88,75,2.3,broken clouds
364,Tateyama,JP,34.9833,139.8667,86.09,81,36,4.21,scattered clouds
365,Luhyny,UA,51.082,28.4006,66.06,46,28,7.61,scattered clouds
366,Macon,US,39.8667,-88.9668,78.85,57,0,5.75,clear sky
367,Acapulco,MX,16.8634,-99.8901,84.38,69,77,6.04,broken clouds
368,Fortuna,US,40.5982,-124.1573,64.09,91,100,10.36,overcast clouds
369,Mangan,IN,27.5167,88.5333,74.34,87,55,4.21,broken clouds
370,Krasnoselkup,RU,65.7,82.4667,56.93,78,63,8.86,broken clouds
371,Bereda,ES,43.2686,-7.5406,69.42,100,70,3.62,broken clouds
372,Kiama,AU,-34.6833,150.8667,56.25,54,55,16.06,broken clouds
373,Hirara,JP,24.8,125.2833,87.66,79,75,13.8,broken clouds
374,Nemuro,JP,43.3236,145.575,67.77,71,41,20.76,scattered clouds
375,Yueyang,CN,29.3333,113.0919,78.33,68,88,12.62,overcast clouds
376,Sibu,MY,2.3,111.8167,73.71,94,40,3.44,scattered clouds
377,Dindori,IN,22.95,81.0833,71.11,93,100,1.77,overcast clouds
378,Avera,US,33.194,-82.5271,80.55,75,99,7.31,overcast clouds
379,Manzanillo,CU,20.3433,-77.1167,80.67,77,94,2.19,overcast clouds
380,Nynashamn,SE,58.9034,17.9479,59.11,91,87,9.13,overcast clouds
381,Sao Filipe,CV,14.8961,-24.4956,79.5,86,68,8.9,broken clouds
382,San Vicente,AR,-26.6167,-54.1333,57.94,87,1,1.83,clear sky
383,Tutoia,BR,-2.7619,-42.2744,78.1,87,95,10.78,overcast clouds
384,Aguada De Cima,PT,40.5229,-8.427,63.72,95,68,1.88,broken clouds
385,Witu,KE,-2.3889,40.4382,77.16,84,42,15.12,scattered clouds
386,Bailen,ES,38.0964,-3.7779,85.15,33,98,2.3,overcast clouds
387,Lata,PT,40.1629,-8.3327,62.24,91,63,1.54,broken clouds
388,Jacqueville,CI,5.2052,-4.4146,74.25,90,97,12.33,light rain
389,Saquena,PE,-4.6667,-73.5167,76.41,67,88,0.27,overcast clouds
390,Deputatskiy,RU,69.3,139.9,42.37,79,100,3.6,overcast clouds
391,Bayir,TR,37.2687,28.2167,66.72,87,0,1.28,clear sky
392,Ilulissat,GL,69.2167,-51.1,37.45,95,100,13.47,light rain
393,Chelno-Vershiny,RU,54.4333,51.1,64.0,60,0,3.89,clear sky
394,Sinnai,IT,39.3042,9.2036,74.46,72,0,8.05,clear sky
395,Ridgecrest,US,35.6225,-117.6709,109.65,8,20,11.5,few clouds
396,Iqaluit,CA,63.7506,-68.5145,42.53,93,100,10.36,light rain
397,Angoche,MZ,-16.2325,39.9086,70.68,81,4,9.89,clear sky
398,Majene,ID,-3.5403,118.9707,79.14,77,22,11.48,few clouds
399,Ola,RU,59.5833,151.2833,55.15,89,100,25.95,moderate rain
400,Pemangkat,ID,1.1667,108.9667,78.37,85,100,4.21,overcast clouds
401,San Angelo,US,31.4638,-100.437,87.94,41,93,8.01,overcast clouds
402,Samarai,PG,-10.6167,150.6667,81.48,77,56,8.46,broken clouds
403,Lagoa,PT,39.05,-27.9833,73.42,72,100,6.42,overcast clouds
404,Tucuma,BR,-0.1833,-50.05,77.56,83,89,6.55,overcast clouds
405,Zyryanovsk,KZ,49.7386,84.2719,45.95,80,0,1.97,clear sky
406,Atocha,BO,-20.9333,-66.2333,40.78,10,0,4.76,clear sky
407,Elban,RU,50.1018,136.5094,61.7,67,94,7.11,overcast clouds
408,Mahajanga,MG,-15.7167,46.3167,69.82,64,20,3.44,few clouds
409,Luderitz,NA,-26.6481,15.1594,59.76,56,5,1.54,clear sky
410,Payakumbuh,ID,-0.2202,100.6308,70.3,97,93,1.79,overcast clouds
411,Nuuk,GL,64.1835,-51.7216,41.88,86,58,11.99,broken clouds
412,Chapais,CA,49.7834,-74.8492,73.18,68,37,4.18,scattered clouds
413,Kysyl-Syr,RU,63.8986,122.7617,48.0,80,100,6.6,overcast clouds
414,Nome,US,64.5011,-165.4064,58.15,70,0,17.27,clear sky
415,Kutum,SD,14.2,24.6667,69.53,79,50,7.2,moderate rain
416,Batagay-Alyta,RU,67.8006,130.4114,42.64,86,100,2.17,overcast clouds
417,Lodwar,KE,3.1191,35.5973,81.01,45,75,11.95,light rain
418,Talcher,IN,20.95,85.2167,78.71,87,100,2.71,overcast clouds
419,Tocopilla,CL,-22.092,-70.1979,61.84,65,20,6.89,few clouds
420,Parrita,CR,9.5201,-84.3225,77.76,84,81,1.61,broken clouds
421,Raudeberg,NO,61.9875,5.1352,61.86,62,40,9.35,scattered clouds
422,Laela,TZ,-8.5667,32.05,56.5,79,42,4.0,scattered clouds
423,Tessalit,ML,20.1986,1.0114,93.4,31,78,13.76,broken clouds
424,Kyra,RU,49.5776,111.9753,50.99,79,99,12.06,overcast clouds
425,Vila Do Maio,CV,15.1333,-23.2167,81.39,84,71,12.62,broken clouds
426,Sorata,BO,-15.7667,-68.6333,42.91,85,92,2.84,overcast clouds
427,Duzce,TR,40.8389,31.1639,72.75,83,9,2.68,clear sky
428,Grants,US,35.1473,-107.8514,75.43,46,0,5.75,clear sky
429,Binga,ZW,-17.6203,27.3414,63.73,66,15,3.27,few clouds
430,Bonavista,CA,48.6499,-53.1147,64.62,86,100,12.06,overcast clouds
431,Thessalon,CA,46.2501,-83.5666,73.69,74,30,10.47,scattered clouds
432,Ust-Nera,RU,64.5667,143.2,57.99,68,96,7.02,overcast clouds
433,Actopan,MX,20.2667,-98.9333,63.91,79,80,6.8,broken clouds
434,Zamora,EC,-4.0692,-78.9567,81.64,94,63,1.14,broken clouds
435,Haicheng,CN,40.8516,122.7475,67.15,71,49,4.5,scattered clouds
436,Pochutla,MX,15.7432,-96.4661,84.81,72,67,5.44,broken clouds
437,Muyezerskiy,RU,63.9333,31.65,58.51,65,100,1.45,overcast clouds
438,Havoysund,NO,70.9963,24.6622,48.43,83,98,23.42,overcast clouds
439,Haines Junction,CA,60.7522,-137.5108,67.95,52,100,8.05,overcast clouds
440,Raglan,NZ,-37.8,174.8833,60.21,71,90,9.37,overcast clouds
441,Tsevie,TG,6.4261,1.2133,74.28,94,77,6.06,broken clouds
442,Broome,US,42.2506,-75.833,70.7,93,75,5.75,broken clouds
443,Susanville,US,40.4163,-120.653,93.04,12,0,8.05,clear sky
444,Omsukchan,RU,62.5333,155.8,53.8,74,100,3.94,overcast clouds
445,Bage,BR,-31.3314,-54.1069,58.78,77,0,6.91,clear sky
446,Skelleftea,SE,64.7507,20.9528,51.01,100,90,4.61,mist
447,Hamilton,US,39.1834,-84.5333,78.75,59,11,4.85,few clouds
448,Hanover,DE,52.3705,9.7332,71.53,62,0,5.75,clear sky
449,Osa,RU,57.2829,55.4567,59.45,77,60,0.89,broken clouds
450,Namibe,AO,-15.1961,12.1522,61.59,92,55,12.59,broken clouds
451,Canavieiras,BR,-15.675,-38.9472,67.51,90,37,4.25,scattered clouds
452,Presidencia Roque Saenz Pena,AR,-26.7852,-60.4388,69.6,63,44,3.04,scattered clouds
453,College,US,64.8569,-147.8028,72.28,43,75,4.61,broken clouds
454,Merauke,ID,-8.4667,140.3333,80.87,74,59,14.09,broken clouds
455,Bengkulu,ID,-3.8004,102.2655,74.43,90,83,3.49,broken clouds
456,Terney,RU,45.0503,136.6092,68.67,51,17,10.85,few clouds
457,Pampa,US,35.5362,-100.9599,88.57,34,0,6.91,clear sky
458,Harer,ET,9.3094,42.1258,57.99,83,93,9.53,overcast clouds
459,Mezhdurechensk,RU,53.6942,88.0603,44.44,96,11,1.79,few clouds
460,Makakilo City,US,21.3469,-158.0858,84.0,70,100,10.36,overcast clouds
461,Thanh Hoa,VN,19.8,105.7667,80.83,91,26,3.22,scattered clouds
462,Sisimiut,GL,66.9395,-53.6735,41.67,77,71,22.82,broken clouds
463,Lima,PE,-12.0432,-77.0282,63.9,75,100,8.05,overcast clouds
464,Belyy Yar,RU,53.6039,91.3903,40.89,100,0,2.24,clear sky
465,Abu Dhabi,AE,24.4667,54.3667,91.51,77,0,5.75,clear sky
466,Colquechaca,BO,-18.6667,-66.0167,33.53,23,44,4.47,scattered clouds
467,Woodstock,CA,43.1334,-80.7497,75.87,82,29,5.99,scattered clouds
468,Nanortalik,GL,60.1432,-45.2371,43.97,84,99,3.8,overcast clouds
469,Taoudenni,ML,22.6783,-3.9836,101.82,9,71,8.7,broken clouds
470,Naze,JP,28.3667,129.4833,83.32,77,91,8.75,overcast clouds
471,Dauphin,CA,51.1494,-100.0502,64.54,82,100,6.91,overcast clouds
472,Burlington,US,39.8835,-74.6413,84.27,52,0,8.05,clear sky
473,Ugoofaaru,MV,5.6667,73.0,81.97,73,100,9.98,overcast clouds
474,Matara,LK,5.9485,80.5353,77.07,88,99,12.91,overcast clouds
475,Zyryanka,RU,65.75,150.85,49.5,92,100,10.36,light rain
476,Montalto Uffugo,IT,39.4048,16.158,68.77,79,62,3.47,broken clouds
477,Comodoro Rivadavia,AR,-45.8667,-67.5,46.26,29,0,9.22,clear sky
478,Killybegs,IE,54.6333,-8.45,56.48,83,100,5.97,overcast clouds
479,Paita,PE,-5.0892,-81.1144,63.25,87,33,13.4,scattered clouds
480,Kajaani,FI,64.2273,27.7285,50.05,93,96,3.44,fog
481,Atikokan,CA,48.7555,-91.6216,73.38,62,40,3.65,scattered clouds
482,Pilar,BR,-9.5972,-35.9567,71.53,95,82,5.08,broken clouds
483,Vysokogornyy,RU,50.1167,139.15,53.91,71,100,14.27,overcast clouds
484,Beisfjord,NO,68.3751,17.5988,50.05,90,52,2.66,broken clouds
485,Quesnel,CA,52.9999,-122.5029,86.5,42,0,10.36,clear sky
486,Huarmey,PE,-10.0681,-78.1522,63.23,81,22,10.18,few clouds
487,Polewali,ID,-3.4324,119.3435,79.0,76,19,2.68,few clouds
488,Koslan,RU,63.4564,48.8989,60.37,85,97,4.05,overcast clouds
489,Siguiri,GN,11.6667,-9.5,73.65,93,100,3.38,overcast clouds
490,Svetlogorsk,BY,52.6333,29.7333,68.61,50,42,8.7,scattered clouds
491,Port Pirie,AU,-33.1833,138.0167,53.8,67,78,8.32,broken clouds
492,Lermontovka,RU,47.1453,134.3383,62.71,64,3,6.29,clear sky
493,Harrisonburg,US,38.4496,-78.8689,78.51,64,75,0.0,broken clouds
494,Mayo,US,38.8876,-76.5119,84.61,71,0,4.61,clear sky
495,Harindanga,IN,22.0383,88.3214,79.23,87,68,5.35,light rain
496,Prainha,BR,-1.8,-53.48,81.14,59,61,3.44,broken clouds
497,Truro,GB,50.2653,-5.0544,67.28,94,75,12.66,broken clouds
498,Sabang,ID,5.8933,95.3214,82.04,73,88,18.79,overcast clouds
499,Batemans Bay,AU,-35.7167,150.1833,53.1,46,6,5.26,clear sky
500,Jinchang,CN,38.4953,102.1739,63.59,74,100,5.1,overcast clouds
501,Horsham,GB,51.064,-0.3272,68.74,90,75,4.61,broken clouds
502,Hami,CN,42.8,93.45,71.31,22,93,4.7,overcast clouds
503,Cabra,ES,37.4725,-4.4421,77.67,44,93,4.68,overcast clouds
504,Tilichiki,RU,60.4667,166.1,60.28,70,98,5.77,overcast clouds
505,Khandyga,RU,62.6667,135.6,45.9,86,100,2.17,overcast clouds
506,Cap Malheureux,MU,-19.9842,57.6142,70.47,68,46,5.99,scattered clouds
507,Boquira,BR,-12.8231,-42.7306,73.49,41,31,6.4,scattered clouds
508,Kurilsk,RU,45.2333,147.8833,63.16,77,60,20.31,broken clouds
509,Curuca,BR,-0.7289,-47.8481,73.29,95,95,4.05,overcast clouds
510,Qui Nhon,VN,13.7667,109.2333,78.12,77,100,5.86,overcast clouds
511,Balykshi,KZ,47.0667,51.8667,64.4,39,0,6.71,clear sky
512,Dudinka,RU,69.4058,86.1778,56.62,91,79,8.66,broken clouds
513,Yulara,AU,-25.2406,130.9889,50.7,42,1,20.13,clear sky
514,Qarchi Gak,AF,37.04,66.7889,72.01,14,27,13.51,scattered clouds
515,Dwarka,IN,22.2394,68.9678,80.91,83,100,18.99,overcast clouds
516,Kamina,CD,-8.7386,24.9906,66.52,35,2,4.9,clear sky
517,Bucine,IT,43.4764,11.6148,72.0,75,5,3.8,clear sky
518,Sitka,US,57.0531,-135.33,64.29,77,100,9.22,overcast clouds
519,Khuzdar,PK,27.7384,66.6434,72.21,80,100,1.72,overcast clouds
520,Kashi,CN,39.4547,75.9797,61.81,88,75,4.47,broken clouds
521,Kavieng,PG,-2.5744,150.7967,84.02,60,78,7.27,broken clouds
522,Guider,CM,9.9342,13.9486,72.48,91,77,3.65,broken clouds
523,Tezu,IN,27.9167,96.1667,77.99,90,84,2.73,broken clouds
524,Humberto De Campos,BR,-2.5983,-43.4611,75.78,89,99,5.79,overcast clouds
525,Atar,MR,20.5169,-13.0499,97.2,29,69,11.83,broken clouds
526,Asmar,AF,35.0333,71.3581,77.49,61,99,6.96,overcast clouds
527,Lorut,AM,40.9372,44.7714,50.94,56,50,1.79,scattered clouds
528,Miraflores,MX,19.2167,-98.8083,67.87,85,87,4.12,overcast clouds
529,Wuda,CN,39.4994,106.7117,57.34,80,81,5.53,broken clouds
530,Nueve De Julio,AR,-35.4444,-60.8831,54.97,63,32,4.85,scattered clouds
531,Balkhash,KZ,46.844,74.9804,59.72,53,0,21.7,clear sky
532,Bonbon,PH,10.2245,123.5573,80.22,78,100,3.71,overcast clouds
533,Avare,BR,-23.0986,-48.9258,57.87,81,85,10.29,overcast clouds
534,Ostrovnoy,RU,68.0531,39.5131,53.73,70,27,20.83,scattered clouds
535,Morant Bay,JM,17.8815,-76.4093,83.82,80,99,7.16,overcast clouds
536,Maragogi,BR,-9.0122,-35.2225,73.51,86,80,11.39,broken clouds
537,Talaya,RU,61.3833,152.75,57.31,64,100,15.14,overcast clouds
538,Alice Springs,AU,-23.7,133.8833,47.75,40,0,10.36,clear sky
539,Stuttgart,DE,48.7823,9.177,66.65,80,0,4.61,clear sky
540,Gijon,ES,43.5357,-5.6615,71.06,96,87,8.99,overcast clouds
541,Kayerkan,RU,69.3497,87.7602,55.53,100,94,10.07,overcast clouds
542,Bathsheba,BB,13.2167,-59.5167,83.01,74,20,13.8,few clouds
543,Belaya Gora,RU,68.5333,146.4167,45.72,76,100,13.06,overcast clouds
544,Isiro,CD,2.7739,27.616,64.36,100,78,1.77,broken clouds
545,Atherton,GB,53.5237,-2.4935,66.29,87,99,1.99,overcast clouds
546,Vagur,FO,61.4732,-6.8119,51.51,95,94,10.47,overcast clouds
547,Kumluca,TR,36.3703,30.2869,75.87,72,0,3.98,clear sky
548,Kapoeta,SS,4.7717,33.5903,73.85,68,70,6.22,light rain
549,Mantua,IT,45.1667,10.7833,76.15,79,2,1.01,clear sky
550,Wana,PK,32.2989,69.5725,72.18,77,67,5.1,light rain
551,Ganzhou,CN,28.8184,115.4327,83.35,79,98,8.41,overcast clouds
552,Zhigansk,RU,66.7697,123.3711,46.71,63,45,12.03,scattered clouds
553,Ostersund,SE,63.1792,14.6357,55.85,76,78,8.05,broken clouds
554,Goderich,CA,43.7501,-81.7165,71.92,78,5,6.91,clear sky
555,Abbeville,FR,50.1,1.8333,68.49,87,98,0.67,overcast clouds
556,Cayenne,GF,4.9333,-52.3333,77.04,94,0,0.0,clear sky
557,Darhan,MN,49.4867,105.9228,48.49,77,82,4.36,broken clouds
558,Asyut,EG,27.181,31.1837,91.58,21,57,3.44,broken clouds
559,Ardmore,US,34.1743,-97.1436,82.85,63,100,10.36,overcast clouds
560,Laguna,US,38.421,-121.4238,104.09,24,0,4.61,clear sky
561,Antalaha,MG,-14.9003,50.2788,65.28,85,20,7.56,few clouds
562,Suoyarvi,RU,62.0833,32.35,58.03,94,27,4.5,scattered clouds
563,Smithers,CA,54.7804,-127.1743,84.52,39,40,5.75,scattered clouds
564,Port Keats,AU,-14.25,129.55,71.94,28,0,19.57,clear sky
565,Matagami,CA,49.7502,-77.6328,71.71,68,40,4.61,scattered clouds
566,Mkushi,ZM,-13.6202,29.3939,59.86,68,6,9.69,clear sky
567,Makat,KZ,47.6469,53.3463,74.48,36,13,6.35,few clouds
568,Katobu,ID,-4.9408,122.5276,79.74,69,34,9.04,scattered clouds
569,Hofu,JP,34.05,131.5667,84.11,77,56,0.51,broken clouds
570,Seoul,KR,37.5683,126.9778,76.39,69,75,4.61,broken clouds
571,Vostok,RU,46.4856,135.8833,57.6,67,47,10.09,scattered clouds
572,Jutai,BR,-5.1833,-68.9,77.13,56,19,1.59,few clouds
573,Portland,US,45.5234,-122.6762,88.93,46,20,11.5,few clouds
574,Abja-Paluoja,EE,58.1253,25.3497,63.99,72,8,5.06,clear sky
575,Dajal,PK,29.5577,70.3762,79.5,84,91,15.03,overcast clouds
576,Zhenjiang,CN,32.2092,119.4342,77.81,71,100,9.08,overcast clouds
577,Wanning,CN,18.8003,110.3967,81.16,88,75,3.78,broken clouds
578,Camacha,PT,33.0833,-16.3333,69.22,73,75,13.8,broken clouds
579,Bahia Blanca,AR,-38.7196,-62.2724,57.38,48,83,8.61,broken clouds
580,Salto,UY,-31.3833,-57.9667,63.88,85,57,1.99,broken clouds
581,Axams,AT,47.2081,11.2869,47.64,78,18,2.3,few clouds
582,Qandala,SO,11.472,49.8728,87.71,55,69,4.18,broken clouds
583,Kailua,US,21.4022,-157.7394,85.48,70,100,3.44,light rain
584,Daru,PG,-9.0763,143.2092,78.51,89,45,14.38,scattered clouds
585,Isla Mujeres,MX,21.2311,-86.731,87.17,77,62,8.63,broken clouds
586,Mogadishu,SO,2.0371,45.3438,75.06,85,50,13.91,light rain
587,Aqtobe,KZ,50.2797,57.2072,60.89,67,0,0.0,clear sky
588,Rio Grande,BR,-32.035,-52.0986,57.94,94,36,11.34,scattered clouds
589,Sao Jose Da Coroa Grande,BR,-8.8978,-35.1478,73.92,85,81,11.7,broken clouds
590,Oranjemund,NA,-28.55,16.4333,58.6,63,70,3.33,broken clouds
591,Kasiri,SL,8.9412,-13.1148,75.69,91,100,7.56,light rain
592,Challans,FR,46.8436,-1.8749,66.4,89,13,5.84,few clouds
593,Tadine,NC,-21.55,167.8833,75.87,60,36,10.69,scattered clouds
594,Kittery,US,43.0881,-70.7362,72.34,90,75,6.91,light rain
595,Karasburg,NA,-28.0167,18.75,62.01,13,29,6.06,scattered clouds
596,Natal,BR,-5.795,-35.2094,75.42,94,75,9.22,broken clouds
597,Opuwo,NA,-18.0607,13.84,60.93,20,4,4.65,clear sky
598,Lam Luk Ka,TH,13.9323,100.7494,84.99,81,20,6.91,light rain
599,Buchanan,LR,5.8808,-10.0467,76.21,81,100,14.36,overcast clouds
600,Egvekinot,RU,66.3167,-179.1667,49.35,60,17,4.68,few clouds
601,Malindi,KE,-3.2175,40.1191,73.94,82,13,16.51,few clouds
602,Storozhevaya,RU,43.8789,41.4514,61.79,58,0,4.81,clear sky
603,Luena,AO,-11.7833,19.9167,57.54,43,8,3.85,clear sky
604,Chengde,CN,40.9725,117.9361,64.27,56,91,1.52,overcast clouds
605,Belebey,RU,54.1167,54.1167,60.75,54,55,5.39,broken clouds
606,Nassau,US,40.7507,-73.5829,82.71,71,0,11.5,clear sky
607,Visnes,NO,59.3556,5.2242,66.25,68,75,11.5,light intensity drizzle
608,Narsaq,GL,60.9167,-46.05,45.27,89,100,2.57,overcast clouds
609,Manado,ID,1.487,124.8455,83.17,74,20,1.14,few clouds
610,Jumla,NP,29.2747,82.1838,61.0,90,98,2.53,overcast clouds
611,Maunabo,PR,18.0072,-65.8993,82.89,83,16,8.48,few clouds
612,Honiara,SB,-9.4333,159.95,86.63,64,22,6.06,few clouds
613,Benguela,AO,-12.5763,13.4055,67.3,88,59,7.16,broken clouds
614,Cairns,AU,-16.9167,145.7667,80.11,53,1,16.11,clear sky
615,Cockburn Town,TC,21.4612,-71.1419,82.36,74,40,6.91,scattered clouds
616,Hambantota,LK,6.1241,81.1185,78.78,79,99,18.88,overcast clouds
617,Epe,NG,6.5841,3.9834,72.86,94,89,5.73,overcast clouds
618,Mandalgovi,MN,45.7625,106.2708,47.64,75,49,19.62,scattered clouds
619,Casambalangan,PH,18.3765,122.1274,82.76,81,100,9.98,overcast clouds
620,Minsk,BY,53.9,27.5667,67.75,57,38,8.32,scattered clouds
621,Mwaya,TZ,-9.55,33.95,67.48,78,46,2.24,scattered clouds
622,Uyuni,BO,-20.4597,-66.825,39.49,11,0,7.94,clear sky
623,Polunochnoye,RU,60.8697,60.4153,59.25,80,71,4.23,broken clouds
624,Doctor Arroyo,MX,23.6667,-100.1833,78.66,37,99,12.37,overcast clouds
625,Nshamba,TZ,-1.7983,31.5511,65.37,64,30,4.25,scattered clouds
626,Salamiyah,SY,35.0113,37.0532,71.02,83,0,10.0,clear sky
627,Saint-Louis,SN,16.3333,-15.0,87.44,58,85,13.0,overcast clouds
628,Nishihara,JP,26.1842,127.7558,87.08,79,75,8.05,broken clouds
629,De Aar,ZA,-30.6497,24.0123,54.16,33,0,5.64,clear sky
630,Valentin Gomez Farias,MX,28.2167,-106.5833,72.12,68,96,14.61,overcast clouds
631,Derzhavinsk,KZ,51.1,66.3167,54.45,53,0,7.96,clear sky
632,Tshikapa,CD,-6.4167,20.8,77.43,50,47,0.51,scattered clouds
633,Southbridge,US,42.0751,-72.0334,71.56,98,17,3.0,few clouds
634,Aksay,RU,47.26,39.87,77.25,26,0,14.0,clear sky
635,Shakawe,BW,-18.3667,21.85,57.38,39,1,5.5,clear sky
636,Dunedin,NZ,-45.8742,170.5036,48.18,78,100,8.97,overcast clouds
637,Salvador,SV,13.8333,-88.9167,77.4,94,82,4.54,broken clouds
638,Mackenzie,CA,55.2999,-123.1698,86.22,26,0,4.61,clear sky
639,Barcelos,PT,41.5388,-8.6151,76.91,81,74,0.98,broken clouds
640,Luziania,BR,-16.2525,-47.9503,71.29,41,4,4.74,clear sky
641,Shelburne,CA,44.0787,-80.2041,72.39,74,44,7.07,scattered clouds
642,Lompoc,US,34.6391,-120.4579,87.94,80,0,12.66,mist
643,Champerico,GT,14.3,-91.9167,77.54,79,62,4.38,broken clouds
644,Mango,US,27.9797,-82.3065,89.15,83,40,10.36,scattered clouds
645,Moose Factory,CA,51.2585,-80.6094,60.8,82,75,9.22,broken clouds
646,Pipri,IN,19.8,75.5333,72.32,88,53,5.26,broken clouds
647,Boyolangu,ID,-8.1181,111.8935,74.53,78,93,7.54,overcast clouds
648,Kanniyakumari,IN,8.0833,77.5667,76.35,90,100,21.63,moderate rain
649,Vanavara,RU,60.34,102.2797,44.83,92,100,2.93,overcast clouds
650,Chipiona,ES,36.7366,-6.437,72.3,100,20,1.14,few clouds
651,Mount Gambier,AU,-37.8333,140.7667,51.33,78,100,10.02,overcast clouds
652,Tuatapere,NZ,-46.1333,167.6833,46.38,81,89,12.3,overcast clouds
653,Berlin,DE,52.5244,13.4105,66.07,87,0,5.99,clear sky
654,La Carolina,ES,38.2756,-3.6153,75.94,32,99,0.6,overcast clouds
655,Saint Anthony,US,45.0205,-93.218,83.14,55,8,1.99,clear sky
656,Bridlington,GB,54.0831,-0.1919,67.89,73,98,7.43,overcast clouds
657,Moranbah,AU,-22.0016,148.0466,59.16,34,0,18.66,clear sky
658,Teguldet,RU,57.3064,88.1667,53.49,77,100,7.38,overcast clouds
659,Dukat,RU,62.55,155.55,52.16,76,100,4.25,overcast clouds
660,Santiago,CL,-33.4569,-70.6483,60.85,72,92,8.05,haze
661,Touros,BR,-5.1989,-35.4608,74.07,91,93,15.12,overcast clouds
662,Dhidhdhoo,MV,6.8833,73.1,81.77,72,100,13.29,moderate rain
663,Santiago Del Estero,AR,-27.7951,-64.2615,66.96,34,0,1.61,clear sky
664,Coffs Harbour,AU,-30.3,153.1333,61.12,44,80,19.57,broken clouds
665,Kloulklubed,PW,7.0419,134.2556,83.55,70,77,6.91,light rain
666,Mugur-Aksy,RU,50.35,90.5,39.74,86,81,2.48,broken clouds
667,Muhos,FI,64.808,25.9931,49.78,84,99,3.71,overcast clouds
668,Sukhovolya,UA,49.8243,23.8377,66.16,67,34,5.12,scattered clouds
669,Sicuani,PE,-14.2694,-71.2261,54.39,29,100,6.33,overcast clouds
670,Asosa,ET,10.0667,34.5333,60.28,95,100,0.85,light rain
671,Hobyo,SO,5.3505,48.5268,75.38,85,99,25.57,overcast clouds
672,Ahipara,NZ,-35.1667,173.1667,57.42,67,100,6.87,overcast clouds
673,Andenes,NO,69.3143,16.1194,49.98,87,100,11.5,overcast clouds
674,Datong,CN,40.0936,113.2914,57.13,82,100,3.96,overcast clouds
675,Zima,RU,53.9202,102.0442,46.35,78,86,7.76,overcast clouds
